Carrier Code,Date (MM/DD/YYYY),Flight Number,Tail Number,Destination Airport,Scheduled departure time,Actual departure time,Scheduled elapsed time (Minutes),Actual elapsed time (Minutes),Departure delay (Minutes),Wheels-off time,Taxi-Out time (Minutes),Delay Carrier (Minutes),Delay Weather (Minutes),Delay National Aviation System (Minutes),Delay Security (Minutes),Delay Late Aircraft Arrival (Minutes)
"QX","01/02/2022","2534","N649QX","BOI","15:15","15:42","233","245","27","15:58","16","7","0","12","0","20"
"QX","01/03/2022","2428","N644QX","PDX","21:15","00:00","284","0","0","00:00","0","0","0","0","0","0"
"QX","01/03/2022","2534","N649QX","BOI","15:15","15:54","233","253","39","16:08","14","39","0","20","0","0"
"QX","01/06/2022","2409","N648QX","PDX","07:00","00:00","273","0","0","00:00","0","0","0","0","0","0"
"QX","01/06/2022","2585","N634QX","BOI","15:50","16:01","232","258","11","16:24","23","11","0","26","0","0"
"QX","01/07/2022","2409","N648QX","PDX","07:00","00:00","273","0","0","00:00","0","0","0","0","0","0"
"QX","01/07/2022","2585","N631QX","BOI","15:50","15:48","232","252","-2","16:02","14","0","0","18","0","0"
"QX","01/08/2022","2409","N644QX","PDX","07:00","07:23","273","271","23","07:36","13","0","0","0","0","21"
"QX","01/08/2022","2585","N620QX","BOI","15:50","15:46","232","250","-4","16:17","31","0","0","0","0","0"
"QX","01/09/2022","2409","N635QX","PDX","07:00","07:56","273","273","56","08:09","13","56","0","0","0","0"
"QX","01/09/2022","2585","N627QX","BOI","15:50","15:53","232","235","3","16:11","18","0","0","0","0","0"
"QX","01/10/2022","2409","N648QX","PDX","07:00","06:57","273","278","-3","07:09","12","0","0","0","0","0"
"QX","01/10/2022","2585","N622QX","BOI","15:50","16:01","232","234","11","16:14","13","0","0","0","0","0"
"QX","01/13/2022","2409","N637QX","PDX","07:00","07:11","273","289","11","07:29","18","11","0","16","0","0"
"QX","01/13/2022","2585","N650QX","BOI","15:50","15:45","232","250","-5","16:03","18","0","0","0","0","0"
"QX","01/14/2022","2409","N631QX","PDX","07:00","06:54","273","291","-6","07:25","31","0","0","0","0","0"
"QX","01/14/2022","2585","N639QX","BOI","15:50","15:56","232","220","6","16:15","19","0","0","0","0","0"
"QX","01/15/2022","2409","N626QX","PDX","07:00","10:11","273","287","191","10:49","38","191","0","14","0","0"
"QX","01/15/2022","2585","N647QX","BOI","15:50","15:56","232","238","6","16:24","28","0","0","0","0","0"
"QX","01/16/2022","2409","N620QX","PDX","07:00","06:58","273","297","-2","07:24","26","0","0","22","0","0"
"QX","01/16/2022","2585","N632QX","BOI","15:50","18:19","232","219","149","18:30","11","136","0","0","0","0"
"QX","01/17/2022","2409","N624QX","PDX","07:00","06:40","273","289","-20","07:02","22","0","0","0","0","0"
"QX","01/17/2022","2585","N632QX","BOI","15:50","15:46","232","244","-4","16:01","15","0","0","0","0","0"
"QX","01/20/2022","2409","N644QX","PDX","07:00","06:52","273","272","-8","07:10","18","0","0","0","0","0"
"QX","01/20/2022","2585","N643QX","BOI","15:50","15:52","232","224","2","16:09","17","0","0","0","0","0"
"QX","01/21/2022","2409","N636QX","PDX","07:00","08:01","273","257","61","08:20","19","0","0","45","0","0"
"QX","01/21/2022","2585","N633QX","BOI","15:50","15:56","232","218","6","16:20","24","0","0","0","0","0"
"QX","01/22/2022","2409","N620QX","PDX","07:00","07:43","273","301","43","08:39","56","0","0","71","0","0"
"QX","01/22/2022","2585","N649QX","BOI","15:50","16:01","232","230","11","16:21","20","0","0","0","0","0"
"QX","01/23/2022","2409","N636QX","PDX","07:00","08:23","273","0","83","08:57","34","0","0","0","0","0"
"QX","01/23/2022","2585","N622QX","BOI","15:50","16:03","232","247","13","16:26","23","13","0","15","0","0"
"QX","01/24/2022","2409","N627QX","PDX","07:00","06:58","273","308","-2","07:41","43","0","0","33","0","0"
"QX","01/24/2022","2585","N644QX","BOI","15:50","15:45","232","232","-5","16:00","15","0","0","0","0","0"
"QX","01/27/2022","2409","N644QX","PDX","07:00","07:00","273","257","0","07:13","13","0","0","0","0","0"
"QX","01/27/2022","2585","N623QX","BOI","15:50","16:14","232","210","24","16:26","12","0","0","0","0","0"
"QX","01/28/2022","2409","N644QX","PDX","07:00","07:00","273","311","0","08:04","64","0","0","38","0","0"
"QX","01/28/2022","2585","N647QX","BOI","15:50","18:04","232","231","134","18:27","23","0","0","0","0","133"
"QX","01/29/2022","2409","N649QX","PDX","07:00","07:11","273","268","11","07:22","11","0","0","0","0","0"
"QX","01/29/2022","2585","N647QX","BOI","15:50","16:19","232","227","29","16:35","16","0","0","0","0","24"
"QX","01/30/2022","2409","N647QX","PDX","07:00","07:10","273","269","10","07:21","11","0","0","0","0","0"
"QX","01/30/2022","2585","N633QX","BOI","15:50","15:54","232","268","4","16:45","51","0","0","40","0","0"
"QX","01/31/2022","2409","N644QX","PDX","07:00","06:54","273","279","-6","07:08","14","0","0","0","0","0"
"QX","01/31/2022","2585","N628QX","BOI","15:50","15:43","232","248","-7","16:04","21","0","0","0","0","0"
"QX","02/03/2022","2585","N651QX","BOI","15:50","17:17","232","250","87","17:58","41","87","0","18","0","0"
"QX","02/04/2022","2585","N645QX","BOI","15:50","15:39","232","235","-11","15:59","20","0","0","0","0","0"
"QX","02/05/2022","2585","N630QX","BOI","15:50","16:31","232","228","41","16:45","14","11","0","0","0","26"
"QX","02/06/2022","2585","N639QX","BOI","15:50","15:48","232","232","-2","16:11","23","0","0","0","0","0"
"QX","02/07/2022","2585","N635QX","BOI","15:50","15:40","232","212","-10","15:51","11","0","0","0","0","0"
"QX","02/10/2022","2585","N627QX","BOI","15:50","15:53","232","238","3","16:12","19","0","0","0","0","0"
"QX","02/11/2022","2585","N642QX","BOI","15:50","15:50","232","222","0","16:11","21","0","0","0","0","0"
"QX","02/12/2022","2585","N650QX","BOI","15:50","15:43","232","223","-7","15:58","15","0","0","0","0","0"
"QX","02/13/2022","2585","N634QX","BOI","15:50","16:00","232","255","10","16:35","35","0","0","23","0","10"
"QX","02/14/2022","2585","N650QX","BOI","15:50","15:44","232","246","-6","16:03","19","0","0","0","0","0"
"QX","02/17/2022","2584","N648QX","BOI","15:50","16:18","235","0","28","00:00","0","0","0","0","0","0"
"QX","02/18/2022","2584","N630QX","BOI","15:50","18:26","235","238","156","18:45","19","16","0","3","0","140"
"QX","02/19/2022","2584","N624QX","BOI","15:50","15:49","235","229","-1","16:02","13","0","0","0","0","0"
"QX","02/20/2022","2584","N638QX","BOI","15:50","16:20","235","250","30","16:35","15","1","0","15","0","29"
"QX","02/21/2022","2584","N620QX","BOI","15:50","15:55","235","240","5","16:17","22","0","0","0","0","0"
"QX","02/24/2022","2584","N630QX","BOI","15:50","16:26","235","245","36","17:06","40","36","0","10","0","0"
"QX","02/25/2022","2584","N624QX","BOI","15:50","15:53","235","236","3","16:19","26","0","0","0","0","0"
"QX","02/26/2022","2584","N620QX","BOI","15:50","15:58","235","211","8","16:12","14","0","0","0","0","0"
"QX","02/27/2022","2584","N625QX","BOI","15:50","15:43","235","227","-7","15:55","12","0","0","0","0","0"
"QX","02/28/2022","2584","N643QX","BOI","15:50","15:58","235","233","8","16:13","15","0","0","0","0","0"
"QX","03/03/2022","2584","N637QX","BOI","15:50","15:48","235","234","-2","16:06","18","0","0","0","0","0"
"QX","03/04/2022","2584","N637QX","BOI","15:50","15:49","235","227","-1","16:10","21","0","0","0","0","0"
"QX","03/05/2022","2584","N637QX","BOI","15:50","16:02","235","244","12","16:15","13","2","0","9","0","10"
"QX","03/06/2022","2584","N633QX","BOI","15:50","00:00","235","0","0","00:00","0","0","0","0","0","0"
"QX","03/07/2022","2584","N630QX","BOI","15:50","15:50","235","223","0","16:14","24","0","0","0","0","0"
"QX","03/10/2022","2584","N620QX","BOI","15:50","16:12","235","243","22","16:42","30","22","0","8","0","0"
"QX","03/11/2022","2584","N633QX","BOI","15:50","15:53","235","229","3","16:05","12","0","0","0","0","0"
"QX","03/12/2022","2584","N650QX","BOI","15:50","15:50","235","259","0","16:18","28","0","0","24","0","0"
"QX","03/13/2022","2584","N629QX","BOI","15:50","15:47","235","240","-3","16:10","23","0","0","0","0","0"
"QX","03/14/2022","2584","N629QX","BOI","15:50","16:42","235","221","52","16:57","15","38","0","0","0","0"
"QX","03/17/2022","2584","N651QX","BOI","15:50","15:47","234","230","-3","16:04","17","0","0","0","0","0"
"QX","03/18/2022","2584","N643QX","BOI","15:50","15:57","234","239","7","16:39","42","0","0","0","0","0"
"QX","03/20/2022","2584","N635QX","BOI","15:50","15:46","234","236","-4","16:07","21","0","0","0","0","0"
"QX","03/21/2022","2584","N637QX","BOI","15:50","15:53","234","231","3","16:15","22","0","0","0","0","0"
"QX","03/24/2022","2584","N646QX","BOI","15:50","15:51","234","225","1","16:12","21","0","0","0","0","0"
"QX","03/25/2022","2584","N644QX","BOI","15:50","16:00","234","233","10","16:19","19","0","0","0","0","0"
"QX","03/27/2022","2584","N649QX","BOI","15:50","15:48","234","236","-2","15:59","11","0","0","0","0","0"
"QX","03/28/2022","2584","N645QX","BOI","15:50","15:48","234","239","-2","16:11","23","0","0","0","0","0"
"QX","03/31/2022","2584","N650QX","BOI","15:50","15:50","234","230","0","16:22","32","0","0","0","0","0"
"QX","04/01/2022","2584","N634QX","BOI","15:50","15:49","234","225","-1","16:03","14","0","0","0","0","0"
"QX","04/03/2022","2584","N634QX","BOI","15:50","15:50","234","235","0","16:05","15","0","0","0","0","0"
"QX","04/04/2022","2584","N638QX","BOI","15:50","16:25","234","250","35","16:44","19","5","0","16","0","30"
"QX","04/07/2022","2584","N635QX","BOI","15:50","15:51","234","221","1","16:12","21","0","0","0","0","0"
"QX","04/08/2022","2584","N626QX","BOI","15:50","15:50","234","223","0","16:08","18","0","0","0","0","0"
"QX","04/10/2022","2584","N645QX","BOI","15:50","16:19","234","234","29","16:40","21","13","0","0","0","16"
"QX","04/11/2022","2584","N644QX","BOI","15:50","15:49","234","248","-1","16:09","20","0","0","0","0","0"
"QX","04/14/2022","2584","N631QX","BOI","15:50","17:29","234","246","99","17:51","22","0","0","12","0","99"
"QX","04/15/2022","2584","N634QX","BOI","15:50","16:59","234","247","69","17:21","22","69","0","13","0","0"
"QX","04/17/2022","2584","N623QX","BOI","15:50","15:45","234","245","-5","16:02","17","0","0","0","0","0"
"QX","04/18/2022","2584","N637QX","BOI","15:50","15:53","234","257","3","16:14","21","0","0","26","0","0"
"QX","04/19/2022","2584","N642QX","BOI","16:10","16:08","233","241","-2","16:27","19","0","0","0","0","0"
"QX","04/20/2022","2584","N641QX","BOI","16:10","16:04","233","245","-6","16:22","18","0","0","0","0","0"
"QX","04/21/2022","2584","N622QX","BOI","16:10","16:09","233","246","-1","16:23","14","0","0","0","0","0"
"QX","04/22/2022","2584","N650QX","BOI","16:10","17:16","233","240","66","17:43","27","0","8","7","0","58"
"QX","04/24/2022","2584","N651QX","BOI","16:10","16:36","233","221","26","16:54","18","0","0","0","0","0"
"QX","04/25/2022","2584","N649QX","BOI","16:10","16:07","233","235","-3","16:30","23","0","0","0","0","0"
"QX","04/26/2022","2584","N635QX","BOI","16:10","16:11","233","242","1","16:27","16","0","0","0","0","0"
"QX","04/27/2022","2584","N643QX","BOI","16:10","16:11","233","246","1","16:35","24","0","0","0","0","0"
"QX","04/28/2022","2584","N650QX","BOI","16:10","16:12","233","230","2","16:29","17","0","0","0","0","0"
"QX","04/29/2022","2584","N625QX","BOI","16:10","16:17","233","222","7","16:39","22","0","0","0","0","0"
"QX","05/01/2022","2584","N637QX","BOI","16:10","00:00","233","0","0","00:00","0","0","0","0","0","0"
"QX","05/02/2022","2584","N626QX","BOI","16:10","16:08","233","218","-2","16:26","18","0","0","0","0","0"
"QX","05/03/2022","2584","N629QX","BOI","16:10","17:06","233","222","56","17:26","20","4","0","0","0","41"
"QX","05/04/2022","2584","N631QX","BOI","16:10","16:22","233","217","12","16:43","21","0","0","0","0","0"
"QX","05/05/2022","2584","N629QX","BOI","16:10","16:37","233","226","27","17:02","25","0","0","0","0","20"
"QX","05/06/2022","2584","N643QX","BOI","16:10","16:24","233","248","14","16:48","24","7","0","15","0","7"
"QX","05/08/2022","2584","N631QX","BOI","16:10","16:10","233","259","0","16:37","27","0","0","26","0","0"
"QX","05/09/2022","2584","N639QX","BOI","16:10","16:08","233","240","-2","16:29","21","0","0","0","0","0"
"QX","05/10/2022","2584","N638QX","BOI","16:10","16:06","233","229","-4","16:19","13","0","0","0","0","0"
"QX","05/11/2022","2584","N648QX","BOI","16:10","16:37","233","223","27","16:58","21","0","0","0","0","17"
"QX","05/12/2022","2584","N622QX","BOI","16:10","16:26","233","221","16","16:47","21","0","0","0","0","0"
"QX","05/13/2022","2584","N622QX","BOI","16:10","16:07","233","227","-3","16:24","17","0","0","0","0","0"
"QX","05/15/2022","2584","N622QX","BOI","16:10","16:07","233","240","-3","16:38","31","0","0","0","0","0"
"QX","05/16/2022","2584","N625QX","BOI","16:10","16:10","233","231","0","16:30","20","0","0","0","0","0"
"QX","05/17/2022","2584","N643QX","BOI","16:10","16:14","233","231","4","16:36","22","0","0","0","0","0"
"QX","05/18/2022","2584","N628QX","BOI","16:10","16:16","233","227","6","16:30","14","0","0","0","0","0"
"QX","05/19/2022","2584","N628QX","BOI","16:15","16:16","232","244","1","16:33","17","0","0","0","0","0"
"QX","05/20/2022","2584","N625QX","BOI","16:15","16:24","232","228","9","16:42","18","0","0","0","0","0"
"QX","05/21/2022","2584","N626QX","BOI","16:15","16:13","232","229","-2","16:32","19","0","0","0","0","0"
"QX","05/22/2022","2584","N642QX","BOI","16:15","16:14","232","233","-1","16:33","19","0","0","0","0","0"
"QX","05/23/2022","2584","N627QX","BOI","16:15","16:13","232","226","-2","16:31","18","0","0","0","0","0"
"QX","05/24/2022","2584","N627QX","BOI","16:15","16:43","232","221","28","17:04","21","17","0","0","0","0"
"QX","05/25/2022","2584","N639QX","BOI","16:15","16:59","232","232","44","17:36","37","0","0","0","0","44"
"QX","05/26/2022","2584","N620QX","BOI","16:15","16:20","232","252","5","17:00","40","0","0","25","0","0"
"QX","05/27/2022","2584","N637QX","BOI","16:15","16:11","232","229","-4","16:33","22","0","0","0","0","0"
"QX","05/28/2022","2584","N647QX","BOI","16:15","16:44","232","221","29","17:00","16","18","0","0","0","0"
"QX","05/29/2022","2584","N626QX","BOI","16:15","16:50","232","214","35","17:10","20","0","0","0","0","17"
"QX","05/30/2022","2584","N647QX","BOI","16:15","17:03","232","217","48","17:26","23","33","0","0","0","0"
"QX","05/31/2022","2584","N624QX","BOI","16:15","16:24","232","220","9","16:37","13","0","0","0","0","0"
"QX","06/01/2022","2584","N646QX","BOI","16:15","16:10","232","232","-5","16:31","21","0","0","0","0","0"
"QX","06/02/2022","2584","N625QX","BOI","16:15","16:12","232","247","-3","16:33","21","0","0","0","0","0"
"QX","06/03/2022","2584","N649QX","BOI","16:15","16:29","232","232","14","16:52","23","0","0","0","0","0"
"QX","06/04/2022","2584","N630QX","BOI","16:15","16:31","232","223","16","16:43","12","0","0","0","0","0"
"QX","06/05/2022","2584","N638QX","BOI","16:15","16:15","232","231","0","16:31","16","0","0","0","0","0"
"QX","06/06/2022","2584","N644QX","BOI","16:15","16:13","232","259","-2","16:41","28","0","0","25","0","0"
"QX","06/07/2022","2584","N626QX","BOI","16:15","16:25","232","261","10","16:44","19","0","0","29","0","10"
"QX","06/08/2022","2584","N643QX","BOI","16:15","16:30","232","237","15","16:48","18","3","0","5","0","12"
"QX","06/09/2022","2584","N629QX","BOI","16:15","16:21","232","239","6","16:42","21","0","0","0","0","0"
"QX","06/10/2022","2584","N634QX","BOI","16:15","16:09","232","238","-6","16:37","28","0","0","0","0","0"
"QX","06/11/2022","2584","N633QX","BOI","16:15","17:30","232","241","75","17:49","19","0","0","9","0","75"
"QX","06/12/2022","2584","N650QX","BOI","16:15","16:17","232","240","2","16:41","24","0","0","0","0","0"
"QX","06/13/2022","2584","N625QX","BOI","16:15","17:28","232","234","73","17:56","28","0","0","2","0","73"
"QX","06/14/2022","2584","N623QX","BOI","16:15","16:33","232","0","18","16:52","19","0","0","0","0","0"
"QX","06/15/2022","2584","N636QX","BOI","16:15","16:24","232","242","9","16:43","19","9","0","10","0","0"
"QX","06/16/2022","2279","N623QX","BOI","21:05","21:02","232","224","-3","21:20","18","0","0","0","0","0"
"QX","06/16/2022","2584","N622QX","BOI","15:45","15:45","225","231","0","16:00","15","0","0","0","0","0"
"QX","06/17/2021","2200","N638QX","BOI","16:15","17:16","240","227","61","17:32","16","48","0","0","0","0"
"QX","06/17/2022","2584","N644QX","BOI","15:45","15:43","225","229","-2","16:10","27","0","0","0","0","0"
"QX","06/18/2021","2200","N650QX","BOI","16:15","16:15","240","232","0","16:33","18","0","0","0","0","0"
"QX","06/18/2022","2584","N631QX","BOI","15:45","15:42","225","212","-3","15:56","14","0","0","0","0","0"
"QX","06/19/2021","2200","N636QX","BOI","16:15","17:17","240","240","62","17:48","31","9","0","0","0","53"
"QX","06/19/2022","2279","N631QX","BOI","21:05","21:10","232","209","5","21:28","18","0","0","0","0","0"
"QX","06/19/2022","2584","N623QX","BOI","15:45","15:51","225","204","6","16:01","10","0","0","0","0","0"
"QX","06/20/2021","2200","N620QX","BOI","16:15","16:31","240","235","16","16:42","11","0","0","0","0","0"
"QX","06/20/2022","2584","N623QX","BOI","15:45","16:17","225","236","32","16:46","29","32","0","11","0","0"
"QX","06/21/2021","2200","N645QX","BOI","16:15","16:15","240","223","0","16:32","17","0","0","0","0","0"
"QX","06/21/2022","2584","N630QX","BOI","15:45","15:43","225","242","-2","16:10","27","0","0","15","0","0"
"QX","06/22/2021","2200","N623QX","BOI","16:15","16:09","240","213","-6","16:19","10","0","0","0","0","0"
"QX","06/22/2022","2584","N630QX","BOI","15:45","15:59","225","238","14","16:17","18","14","0","13","0","0"
"QX","06/23/2021","2200","N624QX","BOI","16:15","16:15","240","219","0","16:29","14","0","0","0","0","0"
"QX","06/23/2022","2279","N642QX","BOI","21:05","20:58","232","240","-7","21:26","28","0","0","0","0","0"
"QX","06/23/2022","2584","N630QX","BOI","15:45","15:42","225","222","-3","15:57","15","0","0","0","0","0"
"QX","06/24/2021","2200","N645QX","BOI","16:15","16:34","240","228","19","17:01","27","0","0","0","0","0"
"QX","06/24/2022","2584","N630QX","BOI","15:45","15:40","225","232","-5","16:00","20","0","0","0","0","0"
"QX","06/25/2021","2200","N651QX","BOI","16:15","16:59","240","217","44","17:25","26","21","0","0","0","0"
"QX","06/25/2022","2584","N633QX","BOI","15:45","15:49","225","226","4","16:03","14","0","0","0","0","0"
"QX","06/26/2021","2200","N623QX","BOI","16:15","18:36","240","211","141","18:48","12","0","0","0","0","112"
"QX","06/26/2022","2279","N633QX","BOI","21:05","21:34","232","238","29","21:55","21","10","0","6","0","19"
"QX","06/26/2022","2584","N649QX","BOI","15:45","15:44","225","232","-1","16:01","17","0","0","0","0","0"
"QX","06/27/2021","2200","N625QX","BOI","16:15","16:30","240","208","15","16:44","14","0","0","0","0","0"
"QX","06/27/2022","2584","N647QX","BOI","15:45","15:41","225","226","-4","15:59","18","0","0","0","0","0"
"QX","06/28/2021","2200","N648QX","BOI","16:15","16:31","240","226","16","17:11","40","0","0","0","0","0"
"QX","06/28/2022","2584","N620QX","BOI","15:45","15:36","225","214","-9","15:47","11","0","0","0","0","0"
"QX","06/29/2021","2200","N625QX","BOI","16:15","16:18","240","212","3","16:35","17","0","0","0","0","0"
"QX","06/29/2022","2584","N647QX","BOI","15:45","16:32","225","242","47","16:46","14","47","0","17","0","0"
"QX","06/30/2021","2200","N630QX","BOI","16:15","16:21","240","223","6","16:44","23","0","0","0","0","0"
"QX","06/30/2022","2279","N647QX","BOI","21:05","21:01","232","244","-4","21:17","16","0","0","0","0","0"
"QX","06/30/2022","2584","N639QX","BOI","15:45","15:37","225","235","-8","15:58","21","0","0","0","0","0"
"QX","07/01/2021","2200","N637QX","BOI","16:15","16:21","240","215","6","16:42","21","0","0","0","0","0"
"QX","07/01/2022","2584","N648QX","BOI","15:45","15:41","230","244","-4","15:58","17","0","0","0","0","0"
"QX","07/02/2021","2200","N630QX","BOI","16:15","16:22","240","212","7","16:46","24","0","0","0","0","0"
"QX","07/02/2022","2584","N648QX","BOI","15:45","15:42","230","231","-3","15:59","17","0","0","0","0","0"
"QX","07/03/2021","2200","N643QX","BOI","16:15","16:25","240","206","10","16:38","13","0","0","0","0","0"
"QX","07/03/2022","2584","N633QX","BOI","15:45","15:50","230","228","5","16:14","24","0","0","0","0","0"
"QX","07/04/2021","2200","N620QX","BOI","16:15","16:11","240","207","-4","16:25","14","0","0","0","0","0"
"QX","07/04/2022","2584","N633QX","BOI","15:45","16:07","230","231","22","16:32","25","0","0","1","0","22"
"QX","07/05/2021","2200","N627QX","BOI","16:15","17:01","240","234","46","17:17","16","0","0","0","0","40"
"QX","07/05/2022","2584","N650QX","BOI","15:45","15:42","230","227","-3","16:02","20","0","0","0","0","0"
"QX","07/06/2021","2200","N651QX","BOI","16:15","16:36","240","214","21","16:48","12","0","0","0","0","0"
"QX","07/06/2022","2584","N634QX","BOI","15:45","15:40","230","227","-5","15:52","12","0","0","0","0","0"
"QX","07/07/2021","2200","N628QX","BOI","16:15","16:24","240","247","9","17:02","38","0","0","7","0","9"
"QX","07/07/2022","2584","N647QX","BOI","15:45","15:38","230","226","-7","15:55","17","0","0","0","0","0"
"QX","07/08/2021","2200","N636QX","BOI","16:15","16:15","240","235","0","16:38","23","0","0","0","0","0"
"QX","07/08/2022","2584","N623QX","BOI","15:45","15:47","230","229","2","16:11","24","0","0","0","0","0"
"QX","07/09/2021","2200","N651QX","BOI","16:15","16:14","240","250","-1","16:43","29","0","0","0","0","0"
"QX","07/09/2022","2584","N641QX","BOI","15:45","15:39","230","223","-6","15:56","17","0","0","0","0","0"
"QX","07/10/2021","2200","N646QX","BOI","16:15","16:15","240","213","0","16:32","17","0","0","0","0","0"
"QX","07/10/2022","2584","N649QX","BOI","15:45","15:44","230","224","-1","15:59","15","0","0","0","0","0"
"QX","07/11/2021","2200","N626QX","BOI","16:15","16:21","240","209","6","16:38","17","0","0","0","0","0"
"QX","07/11/2022","2584","N641QX","BOI","15:45","16:47","230","222","62","17:08","21","54","0","0","0","0"
"QX","07/12/2021","2200","N650QX","BOI","16:15","16:28","240","227","13","16:54","26","0","0","0","0","0"
"QX","07/12/2022","2584","N643QX","BOI","15:45","15:43","230","236","-2","16:09","26","0","0","0","0","0"
"QX","07/13/2021","2200","N625QX","BOI","16:15","16:18","240","230","3","16:33","15","0","0","0","0","0"
"QX","07/13/2022","2584","N648QX","BOI","15:45","15:39","230","222","-6","16:02","23","0","0","0","0","0"
"QX","07/14/2021","2200","N631QX","BOI","16:15","16:35","240","246","20","17:12","37","0","0","6","0","20"
"QX","07/14/2022","2584","N650QX","BOI","15:45","15:51","230","221","6","16:08","17","0","0","0","0","0"
"QX","07/15/2021","2200","N625QX","BOI","16:15","16:25","240","226","10","16:49","24","0","0","0","0","0"
"QX","07/15/2022","2584","N626QX","BOI","15:45","17:07","230","227","82","17:26","19","9","0","0","0","70"
"QX","07/16/2021","2200","N626QX","BOI","16:15","16:13","240","227","-2","16:31","18","0","0","0","0","0"
"QX","07/16/2022","2584","N623QX","BOI","15:45","15:41","230","244","-4","16:14","33","0","0","0","0","0"
"QX","07/17/2021","2200","N646QX","BOI","16:15","17:05","240","218","50","17:24","19","28","0","0","0","0"
"QX","07/17/2022","2584","N630QX","BOI","15:45","15:42","230","211","-3","15:55","13","0","0","0","0","0"
"QX","07/18/2021","2200","N634QX","BOI","16:15","16:14","240","206","-1","16:33","19","0","0","0","0","0"
"QX","07/18/2022","2584","N628QX","BOI","15:45","15:39","230","218","-6","15:57","18","0","0","0","0","0"
"QX","07/19/2021","2200","N625QX","BOI","16:15","16:23","240","213","8","16:43","20","0","0","0","0","0"
"QX","07/19/2022","2584","N633QX","BOI","15:45","15:41","230","219","-4","15:59","18","0","0","0","0","0"
"QX","07/20/2021","2200","N632QX","BOI","16:15","16:27","240","210","12","16:44","17","0","0","0","0","0"
"QX","07/20/2022","2584","N633QX","BOI","15:45","16:05","230","224","20","16:23","18","0","0","0","0","0"
"QX","07/21/2021","2200","N637QX","BOI","16:15","16:30","240","218","15","16:49","19","0","0","0","0","0"
"QX","07/21/2022","2584","N639QX","BOI","15:45","15:41","230","236","-4","15:59","18","0","0","0","0","0"
"QX","07/22/2021","2200","N632QX","BOI","16:15","16:10","240","213","-5","16:28","18","0","0","0","0","0"
"QX","07/22/2022","2584","N642QX","BOI","15:45","15:55","230","260","10","16:20","25","10","0","30","0","0"
"QX","07/23/2021","2200","N637QX","BOI","16:15","16:08","240","217","-7","16:23","15","0","0","0","0","0"
"QX","07/23/2022","2584","N636QX","BOI","15:45","17:12","230","230","87","17:29","17","0","10","0","0","77"
"QX","07/24/2021","2200","N645QX","BOI","16:15","17:38","240","222","83","17:53","15","0","65","0","0","0"
"QX","07/24/2022","2584","N638QX","BOI","15:45","15:45","230","249","0","16:12","27","0","0","19","0","0"
"QX","07/25/2021","2200","N641QX","BOI","16:15","16:32","240","219","17","16:45","13","0","0","0","0","0"
"QX","07/25/2022","2584","N634QX","BOI","15:45","15:43","230","231","-2","16:00","17","0","0","0","0","0"
"QX","07/26/2021","2200","N637QX","BOI","16:15","16:28","240","217","13","16:46","18","0","0","0","0","0"
"QX","07/26/2022","2584","N643QX","BOI","15:45","15:42","230","234","-3","15:57","15","0","0","0","0","0"
"QX","07/27/2021","2200","N636QX","BOI","16:15","16:14","240","220","-1","16:40","26","0","0","0","0","0"
"QX","07/27/2022","2584","N635QX","BOI","15:45","18:04","230","233","139","18:20","16","5","0","3","0","134"
"QX","07/28/2021","2200","N622QX","BOI","16:15","16:13","240","237","-2","16:33","20","0","0","0","0","0"
"QX","07/28/2022","2584","N642QX","BOI","15:45","15:39","230","232","-6","15:59","20","0","0","0","0","0"
"QX","07/29/2021","2200","N630QX","BOI","16:15","17:06","240","220","51","17:26","20","31","0","0","0","0"
"QX","07/29/2022","2584","N622QX","BOI","15:45","15:41","230","228","-4","15:53","12","0","0","0","0","0"
"QX","07/30/2021","2200","N637QX","BOI","16:15","16:33","240","217","18","16:49","16","0","0","0","0","0"
"QX","07/30/2022","2584","N648QX","BOI","15:45","16:11","230","216","26","16:36","25","0","0","0","0","0"
"QX","07/31/2021","2200","N637QX","BOI","16:15","16:10","240","231","-5","16:25","15","0","0","0","0","0"
"QX","07/31/2022","2584","N625QX","BOI","15:45","15:44","230","223","-1","16:03","19","0","0","0","0","0"
"QX","08/01/2021","2200","N651QX","BOI","16:15","16:23","240","212","8","16:38","15","0","0","0","0","0"
"QX","08/01/2022","2584","N625QX","BOI","15:50","15:50","230","232","0","16:18","28","0","0","0","0","0"
"QX","08/02/2021","2200","N620QX","BOI","16:15","16:18","240","212","3","16:36","18","0","0","0","0","0"
"QX","08/02/2022","2584","N625QX","BOI","15:50","15:48","230","222","-2","16:05","17","0","0","0","0","0"
"QX","08/03/2021","2200","N635QX","BOI","16:15","16:26","240","223","11","16:50","24","0","0","0","0","0"
"QX","08/03/2022","2584","N648QX","BOI","15:50","18:18","230","219","148","18:30","12","0","0","0","0","137"
"QX","08/04/2021","2200","N643QX","BOI","16:15","16:15","240","226","0","16:42","27","0","0","0","0","0"
"QX","08/04/2022","2584","N643QX","BOI","15:50","15:45","230","244","-5","16:16","31","0","0","0","0","0"
"QX","08/05/2021","2200","N636QX","BOI","16:15","16:07","240","227","-8","16:23","16","0","0","0","0","0"
"QX","08/05/2022","2584","N627QX","BOI","15:50","16:54","230","228","64","17:15","21","0","0","0","0","62"
"QX","08/06/2021","2200","N650QX","BOI","16:15","16:21","240","235","6","16:55","34","0","0","0","0","0"
"QX","08/06/2022","2584","N645QX","BOI","15:50","15:49","230","232","-1","16:26","37","0","0","0","0","0"
"QX","08/07/2021","2200","N644QX","BOI","16:15","16:31","240","209","16","16:44","13","0","0","0","0","0"
"QX","08/07/2022","2584","N627QX","BOI","15:50","18:40","230","213","170","18:55","15","28","0","0","0","125"
"QX","08/08/2021","2200","N625QX","BOI","16:15","16:09","240","246","-6","16:55","46","0","0","0","0","0"
"QX","08/08/2022","2584","N645QX","BOI","15:50","17:11","230","241","81","17:52","41","8","0","11","0","73"
"QX","08/09/2021","2200","N634QX","BOI","16:15","00:00","240","0","0","00:00","0","0","0","0","0","0"
"QX","08/09/2022","2584","N634QX","BOI","15:50","15:49","230","206","-1","16:02","13","0","0","0","0","0"
"QX","08/10/2021","2200","N623QX","BOI","16:15","17:23","240","250","68","17:50","27","0","0","10","0","68"
"QX","08/10/2022","2584","N641QX","BOI","15:50","15:46","230","216","-4","16:05","19","0","0","0","0","0"
"QX","08/11/2021","2200","N626QX","BOI","16:15","17:06","240","213","51","17:22","16","0","0","0","0","24"
"QX","08/11/2022","2584","N650QX","BOI","15:50","15:46","230","225","-4","16:15","29","0","0","0","0","0"
"QX","08/12/2021","2200","N638QX","BOI","16:15","16:26","240","232","11","16:57","31","0","0","0","0","0"
"QX","08/12/2022","2584","N628QX","BOI","15:50","15:49","230","209","-1","16:03","14","0","0","0","0","0"
"QX","08/13/2021","2200","N642QX","BOI","16:15","16:23","240","230","8","16:51","28","0","0","0","0","0"
"QX","08/13/2022","2584","N623QX","BOI","15:50","16:04","230","222","14","16:25","21","0","0","0","0","0"
"QX","08/14/2021","2200","N651QX","BOI","16:15","17:26","240","207","71","17:41","15","38","0","0","0","0"
"QX","08/14/2022","2584","N626QX","BOI","15:50","15:48","230","216","-2","16:03","15","0","0","0","0","0"
"QX","08/15/2021","2200","N641QX","BOI","16:15","18:22","240","208","127","18:46","24","0","0","0","0","95"
"QX","08/15/2022","2584","N623QX","BOI","15:50","16:45","230","222","55","17:08","23","47","0","0","0","0"
"QX","08/16/2021","2200","N630QX","BOI","16:15","17:37","240","210","82","17:57","20","0","0","0","0","52"
"QX","08/16/2022","2584","N638QX","BOI","15:50","15:49","230","230","-1","16:08","19","0","0","0","0","0"
"QX","08/17/2021","2200","N625QX","BOI","16:15","16:16","245","215","1","16:36","20","0","0","0","0","0"
"QX","08/17/2022","2584","N644QX","BOI","15:50","15:45","230","217","-5","16:01","16","0","0","0","0","0"
"QX","08/18/2021","2200","N623QX","BOI","16:15","00:00","245","0","0","00:00","0","0","0","0","0","0"
"QX","08/18/2022","2584","N635QX","BOI","15:50","15:52","230","218","2","16:16","24","0","0","0","0","0"
"QX","08/19/2021","2200","N641QX","BOI","16:15","16:12","245","218","-3","16:35","23","0","0","0","0","0"
"QX","08/19/2022","2584","N637QX","BOI","15:50","15:51","230","206","1","16:08","17","0","0","0","0","0"
"QX","08/20/2021","2200","N647QX","BOI","16:15","16:05","245","215","-10","16:22","17","0","0","0","0","0"
"QX","08/20/2022","2584","N625QX","BOI","15:50","16:29","230","208","39","16:45","16","0","0","0","0","17"
"QX","08/21/2021","2200","N645QX","BOI","16:15","16:33","245","304","18","18:02","89","0","0","59","0","18"
"QX","08/21/2022","2584","N625QX","BOI","15:50","15:48","230","209","-2","16:08","20","0","0","0","0","0"
"QX","08/22/2021","2200","N624QX","BOI","16:15","16:19","245","235","4","16:37","18","0","0","0","0","0"
"QX","08/22/2022","2584","N625QX","BOI","15:50","15:53","230","207","3","16:08","15","0","0","0","0","0"
"QX","08/23/2021","2200","N637QX","BOI","16:15","16:09","245","219","-6","16:22","13","0","0","0","0","0"
"QX","08/23/2022","2584","N642QX","BOI","15:50","15:49","230","223","-1","16:10","21","0","0","0","0","0"
"QX","08/24/2021","2200","N639QX","BOI","16:15","16:10","245","256","-5","16:56","46","0","0","0","0","0"
"QX","08/24/2022","2584","N625QX","BOI","15:50","15:47","230","222","-3","16:08","21","0","0","0","0","0"
"QX","08/25/2021","2200","N636QX","BOI","16:15","16:11","245","243","-4","16:43","32","0","0","0","0","0"
"QX","08/25/2022","2584","N625QX","BOI","15:50","15:47","230","220","-3","16:06","19","0","0","0","0","0"
"QX","08/26/2021","2200","N639QX","BOI","16:15","16:07","245","243","-8","16:39","32","0","0","0","0","0"
"QX","08/26/2022","2584","N637QX","BOI","15:50","16:00","230","225","10","16:18","18","0","0","0","0","0"
"QX","08/27/2021","2200","N631QX","BOI","16:15","16:12","245","209","-3","16:26","14","0","0","0","0","0"
"QX","08/27/2022","2584","N637QX","BOI","15:50","15:42","230","227","-8","16:06","24","0","0","0","0","0"
"QX","08/28/2021","2200","N622QX","BOI","16:15","16:20","245","229","5","16:45","25","0","0","0","0","0"
"QX","08/28/2022","2584","N645QX","BOI","15:50","15:46","230","231","-4","16:15","29","0","0","0","0","0"
"QX","08/29/2021","2200","N630QX","BOI","16:15","17:00","245","222","45","17:17","17","22","0","0","0","0"
"QX","08/29/2022","2584","N630QX","BOI","15:50","15:45","230","213","-5","16:01","16","0","0","0","0","0"
"QX","08/30/2021","2200","N647QX","BOI","16:15","16:39","245","223","24","16:53","14","0","0","0","0","0"
"QX","08/30/2022","2584","N630QX","BOI","15:50","15:48","230","214","-2","16:02","14","0","0","0","0","0"
"QX","08/31/2021","2200","N629QX","BOI","16:15","16:09","245","227","-6","16:28","19","0","0","0","0","0"
"QX","08/31/2022","2584","N651QX","BOI","15:50","15:52","230","218","2","16:11","19","0","0","0","0","0"
"QX","09/01/2021","2200","N642QX","BOI","16:15","16:07","245","230","-8","16:26","19","0","0","0","0","0"
"QX","09/01/2022","2584","N651QX","BOI","15:50","17:52","226","210","122","18:05","13","0","0","0","0","106"
"QX","09/02/2021","2200","N639QX","BOI","16:15","16:08","245","235","-7","16:31","23","0","0","0","0","0"
"QX","09/02/2022","2584","N648QX","BOI","15:50","15:48","226","207","-2","16:00","12","0","0","0","0","0"
"QX","09/03/2021","2200","N625QX","BOI","16:15","16:11","245","241","-4","16:31","20","0","0","0","0","0"
"QX","09/03/2022","2584","N648QX","BOI","15:50","15:57","226","228","7","16:37","40","0","0","0","0","0"
"QX","09/04/2021","2200","N649QX","BOI","16:15","16:06","245","240","-9","16:29","23","0","0","0","0","0"
"QX","09/04/2022","2584","N648QX","BOI","15:50","15:48","226","207","-2","16:04","16","0","0","0","0","0"
"QX","09/05/2021","2200","N627QX","BOI","16:15","16:11","245","224","-4","16:35","24","0","0","0","0","0"
"QX","09/05/2022","2584","N650QX","BOI","15:50","15:47","226","212","-3","16:06","19","0","0","0","0","0"
"QX","09/06/2021","2200","N639QX","BOI","16:15","16:11","245","220","-4","16:29","18","0","0","0","0","0"
"QX","09/06/2022","2584","N650QX","BOI","15:50","15:56","226","221","6","16:27","31","0","0","0","0","0"
"QX","09/07/2021","2200","N633QX","BOI","16:15","17:14","245","253","59","17:52","38","0","0","8","0","59"
"QX","09/07/2022","2584","N639QX","BOI","16:00","15:58","235","218","-2","16:19","21","0","0","0","0","0"
"QX","09/08/2021","2200","N626QX","BOI","15:55","15:52","245","236","-3","16:12","20","0","0","0","0","0"
"QX","09/08/2022","2584","N623QX","BOI","16:00","15:55","235","246","-5","16:16","21","0","0","0","0","0"
"QX","09/09/2021","2200","N635QX","BOI","15:55","15:52","245","229","-3","16:14","22","0","0","0","0","0"
"QX","09/09/2022","2584","N629QX","BOI","16:00","15:58","235","221","-2","16:14","16","0","0","0","0","0"
"QX","09/10/2021","2200","N635QX","BOI","15:55","15:47","245","239","-8","16:17","30","0","0","0","0","0"
"QX","09/11/2021","2200","N629QX","BOI","15:55","15:46","245","234","-9","16:12","26","0","0","0","0","0"
"QX","09/11/2022","2584","N622QX","BOI","16:00","16:28","235","218","28","16:57","29","0","0","0","0","0"
"QX","09/12/2021","2200","N624QX","BOI","15:55","16:54","245","239","59","17:13","19","53","0","0","0","0"
"QX","09/12/2022","2584","N646QX","BOI","16:00","16:49","235","207","49","17:01","12","0","0","0","0","21"
"QX","09/13/2021","2200","N644QX","BOI","15:55","16:08","245","251","13","16:41","33","13","0","6","0","0"
"QX","09/13/2022","2584","N646QX","BOI","16:00","16:07","235","227","7","16:37","30","0","0","0","0","0"
"QX","09/14/2021","2200","N643QX","BOI","15:55","15:52","245","231","-3","16:13","21","0","0","0","0","0"
"QX","09/14/2022","2584","N645QX","BOI","16:00","15:59","235","212","-1","16:16","17","0","0","0","0","0"
"QX","09/15/2021","2200","N649QX","BOI","15:55","15:51","245","249","-4","16:13","22","0","0","0","0","0"
"QX","09/15/2022","2584","N626QX","BOI","16:00","15:59","235","226","-1","16:29","30","0","0","0","0","0"
"QX","09/16/2021","2200","N623QX","BOI","15:55","15:48","245","260","-7","16:18","30","0","0","0","0","0"
"QX","09/16/2022","2584","N649QX","BOI","16:00","15:57","235","226","-3","16:22","25","0","0","0","0","0"
"QX","09/17/2021","2200","N643QX","BOI","15:55","15:45","245","236","-10","16:12","27","0","0","0","0","0"
"QX","09/18/2021","2200","N648QX","BOI","15:55","15:53","245","225","-2","16:14","21","0","0","0","0","0"
"QX","09/18/2022","2584","N627QX","BOI","16:00","16:03","235","251","3","16:34","31","0","0","19","0","0"
"QX","09/19/2021","2200","N648QX","BOI","15:55","15:51","245","231","-4","16:11","20","0","0","0","0","0"
"QX","09/19/2022","2584","N650QX","BOI","16:00","16:12","235","229","12","16:32","20","0","0","0","0","0"
"QX","09/20/2021","2200","N644QX","BOI","15:55","15:50","245","258","-5","16:25","35","0","0","0","0","0"
"QX","09/20/2022","2584","N647QX","BOI","16:00","15:59","235","269","-1","16:42","43","0","0","33","0","0"
"QX","09/21/2021","2200","N637QX","BOI","15:55","15:56","245","237","1","16:23","27","0","0","0","0","0"
"QX","09/21/2022","2584","N631QX","BOI","16:00","16:03","235","255","3","16:27","24","0","0","23","0","0"
"QX","09/22/2021","2200","N645QX","BOI","15:55","15:48","245","237","-7","16:16","28","0","0","0","0","0"
"QX","09/22/2022","2584","N631QX","BOI","16:00","16:34","235","236","34","16:54","20","3","0","1","0","31"
"QX","09/23/2021","2200","N632QX","BOI","15:55","15:48","245","220","-7","16:05","17","0","0","0","0","0"
"QX","09/23/2022","2584","N629QX","BOI","16:00","15:58","235","236","-2","16:16","18","0","0","0","0","0"
"QX","09/24/2021","2200","N635QX","BOI","15:55","15:43","245","218","-12","15:57","14","0","0","0","0","0"
"QX","09/25/2021","2200","N630QX","BOI","15:55","15:45","245","223","-10","16:02","17","0","0","0","0","0"
"QX","09/25/2022","2584","N650QX","BOI","16:00","15:57","235","244","-3","16:34","37","0","0","0","0","0"
"QX","09/26/2021","2200","N646QX","BOI","15:55","16:47","245","212","52","17:00","13","0","0","0","0","19"
"QX","09/26/2022","2584","N637QX","BOI","16:00","15:56","235","228","-4","16:18","22","0","0","0","0","0"
"QX","09/27/2021","2200","N639QX","BOI","15:55","15:51","245","224","-4","16:18","27","0","0","0","0","0"
"QX","09/27/2022","2584","N634QX","BOI","16:00","16:00","235","219","0","16:18","18","0","0","0","0","0"
"QX","09/28/2021","2200","N632QX","BOI","15:55","15:57","245","211","2","16:15","18","0","0","0","0","0"
"QX","09/28/2022","2584","N642QX","BOI","16:00","16:04","235","232","4","16:29","25","0","0","0","0","0"
"QX","09/29/2021","2200","N649QX","BOI","15:55","00:00","245","0","0","00:00","0","0","0","0","0","0"
"QX","09/29/2022","2584","N642QX","BOI","16:00","16:18","235","235","18","16:44","26","18","0","0","0","0"
"QX","09/30/2021","2200","N620QX","BOI","15:55","16:14","245","214","19","16:36","22","0","0","0","0","0"
"QX","09/30/2022","2584","N646QX","BOI","16:00","16:23","235","225","23","16:52","29","0","0","0","0","0"
"QX","10/01/2021","2200","N647QX","BOI","15:55","15:48","245","224","-7","16:10","22","0","0","0","0","0"
"QX","10/02/2021","2200","N641QX","BOI","15:55","15:53","245","303","-2","17:30","97","0","0","56","0","0"
"QX","10/02/2022","2584","N632QX","BOI","16:00","16:04","235","229","4","16:32","28","0","0","0","0","0"
"QX","10/03/2021","2200","N624QX","BOI","15:55","15:57","245","211","2","16:18","21","0","0","0","0","0"
"QX","10/03/2022","2584","N630QX","BOI","16:00","16:00","235","219","0","16:19","19","0","0","0","0","0"
"QX","10/04/2021","2200","N636QX","BOI","15:55","16:37","245","209","42","16:52","15","0","0","0","0","0"
"QX","10/05/2021","2200","N649QX","BOI","15:55","15:58","245","214","3","16:13","15","0","0","0","0","0"
"QX","10/06/2021","2200","N641QX","BOI","15:55","16:03","245","209","8","16:25","22","0","0","0","0","0"
"QX","10/06/2022","2584","N624QX","BOI","15:50","15:48","239","222","-2","16:04","16","0","0","0","0","0"
"QX","10/07/2021","2200","N631QX","BOI","16:05","16:10","235","229","5","16:42","32","0","0","0","0","0"
"QX","10/08/2021","2200","N626QX","BOI","16:05","16:06","235","0","1","17:36","90","0","0","0","0","0"
"QX","10/09/2021","2200","N639QX","BOI","16:05","15:58","235","227","-7","16:17","19","0","0","0","0","0"
"QX","10/09/2022","2584","N627QX","BOI","15:50","15:48","239","213","-2","16:00","12","0","0","0","0","0"
"QX","10/10/2021","2200","N636QX","BOI","16:05","16:02","235","246","-3","16:36","34","0","0","0","0","0"
"QX","10/10/2022","2584","N646QX","BOI","15:50","15:50","239","255","0","16:12","22","0","0","16","0","0"
"QX","10/11/2021","2200","N622QX","BOI","16:05","16:48","235","232","43","17:14","26","0","40","0","0","0"
"QX","10/13/2021","2200","N639QX","BOI","16:05","16:29","235","225","24","16:49","20","0","0","0","0","0"
"QX","10/13/2022","2584","N631QX","BOI","15:50","15:48","239","230","-2","16:09","21","0","0","0","0","0"
"QX","10/14/2021","2200","N631QX","BOI","16:05","16:10","235","219","5","16:25","15","0","0","0","0","0"
"QX","10/15/2021","2200","N634QX","BOI","16:05","16:14","235","237","9","16:39","25","0","0","0","0","0"
"QX","10/16/2021","2200","N630QX","BOI","16:05","16:04","235","224","-1","16:15","11","0","0","0","0","0"
"QX","10/16/2022","2584","N644QX","BOI","15:50","15:51","239","210","1","16:15","24","0","0","0","0","0"
"QX","10/17/2021","2200","N628QX","BOI","16:05","15:57","235","208","-8","16:15","18","0","0","0","0","0"
"QX","10/17/2022","2584","N647QX","BOI","15:50","15:46","239","204","-4","15:57","11","0","0","0","0","0"
"QX","10/18/2021","2200","N628QX","BOI","16:05","16:18","235","201","13","16:29","11","0","0","0","0","0"
"QX","10/20/2021","2200","N622QX","BOI","16:05","16:04","235","235","-1","16:38","34","0","0","0","0","0"
"QX","10/20/2022","2584","N622QX","BOI","15:50","15:50","239","213","0","16:08","18","0","0","0","0","0"
"QX","10/21/2021","2200","N650QX","BOI","16:05","16:05","235","232","0","16:26","21","0","0","0","0","0"
"QX","10/22/2021","2200","N633QX","BOI","16:05","15:57","235","229","-8","16:13","16","0","0","0","0","0"
"QX","10/23/2021","2200","N649QX","BOI","16:05","15:57","235","233","-8","16:15","18","0","0","0","0","0"
"QX","10/23/2022","2584","N629QX","BOI","15:50","15:52","239","241","2","16:28","36","0","0","0","0","0"
"QX","10/24/2021","2200","N646QX","BOI","16:05","16:15","235","270","10","17:06","51","0","10","35","0","0"
"QX","10/24/2022","2584","N627QX","BOI","15:50","15:46","239","239","-4","16:17","31","0","0","0","0","0"
"QX","10/25/2021","2200","N627QX","BOI","16:05","18:19","235","240","134","18:40","21","6","0","5","0","128"
"QX","10/27/2021","2200","N649QX","BOI","16:05","15:55","235","222","-10","16:11","16","0","0","0","0","0"
"QX","10/27/2022","2584","N631QX","BOI","15:50","15:55","239","225","5","16:17","22","0","0","0","0","0"
"QX","10/28/2021","2200","N632QX","BOI","16:05","15:59","235","227","-6","16:24","25","0","0","0","0","0"
"QX","10/29/2021","2200","N645QX","BOI","16:05","16:01","235","231","-4","16:31","30","0","0","0","0","0"
"QX","10/30/2021","2200","N623QX","BOI","16:05","15:58","235","234","-7","16:12","14","0","0","0","0","0"
"QX","10/30/2022","2584","N637QX","BOI","15:50","15:46","239","212","-4","16:07","21","0","0","0","0","0"
"QX","10/31/2021","2200","N642QX","BOI","16:05","16:04","235","249","-1","16:28","24","0","0","0","0","0"
"QX","10/31/2022","2584","N622QX","BOI","15:50","00:00","239","0","0","00:00","0","0","0","0","0","0"
"QX","11/01/2021","2200","N644QX","BOI","16:05","16:01","235","245","-4","16:15","14","0","0","0","0","0"
"QX","11/03/2021","2200","N648QX","BOI","16:05","16:02","235","224","-3","16:16","14","0","0","0","0","0"
"QX","11/04/2021","2200","N627QX","BOI","16:05","16:16","235","220","11","16:30","14","0","0","0","0","0"
"QX","11/05/2021","2200","N646QX","BOI","16:05","15:59","235","242","-6","16:24","25","0","0","0","0","0"
"QX","11/06/2021","2200","N649QX","BOI","16:05","16:39","235","246","34","16:54","15","8","0","11","0","26"
"QX","11/07/2021","2200","N651QX","BOI","16:05","16:02","235","240","-3","16:16","14","0","0","0","0","0"
"QX","11/08/2021","2200","N626QX","BOI","16:05","16:01","235","238","-4","16:14","13","0","0","0","0","0"
"QX","11/10/2021","2200","N632QX","BOI","16:05","16:05","235","238","0","16:30","25","0","0","0","0","0"
"QX","11/11/2021","2200","N628QX","BOI","16:05","16:03","235","231","-2","16:25","22","0","0","0","0","0"
"QX","11/12/2021","2200","N637QX","BOI","16:05","16:04","235","252","-1","16:48","44","0","0","16","0","0"
"QX","11/13/2021","2200","N650QX","BOI","16:05","16:02","235","239","-3","16:13","11","0","0","0","0","0"
"QX","11/14/2021","2200","N638QX","BOI","16:05","16:01","235","242","-4","16:21","20","0","0","0","0","0"
"QX","11/15/2021","2200","N641QX","BOI","16:05","16:26","235","230","21","16:44","18","16","0","0","0","0"
"QX","11/17/2021","2200","N635QX","BOI","16:05","16:00","235","236","-5","16:15","15","0","0","0","0","0"
"QX","11/18/2021","2200","N647QX","BOI","16:05","16:04","235","241","-1","16:18","14","0","0","0","0","0"
"QX","11/19/2021","2590","N639QX","BOI","15:50","15:48","235","235","-2","16:01","13","0","0","0","0","0"
"QX","11/20/2021","2590","N637QX","BOI","15:50","15:46","235","228","-4","16:04","18","0","0","0","0","0"
"QX","11/21/2021","2590","N650QX","BOI","15:50","17:21","235","223","91","17:33","12","79","0","0","0","0"
"QX","11/22/2021","2590","N647QX","BOI","15:50","15:52","235","220","2","16:09","17","0","0","0","0","0"
"QX","11/23/2021","2590","N626QX","BOI","15:50","15:55","235","235","5","16:13","18","0","0","0","0","0"
"QX","11/24/2021","2590","N648QX","BOI","15:50","15:44","235","221","-6","15:59","15","0","0","0","0","0"
"QX","11/26/2021","2590","N632QX","BOI","15:50","15:45","235","249","-5","16:11","26","0","0","0","0","0"
"QX","11/27/2021","2590","N649QX","BOI","15:50","15:47","235","230","-3","16:04","17","0","0","0","0","0"
"QX","11/28/2021","2590","N620QX","BOI","15:50","15:49","235","224","-1","16:00","11","0","0","0","0","0"
"QX","11/29/2021","2590","N633QX","BOI","15:50","15:49","235","245","-1","16:03","14","0","0","0","0","0"
"QX","11/30/2021","2590","N649QX","BOI","15:50","15:50","235","231","0","16:02","12","0","0","0","0","0"
"QX","12/01/2021","2200","N624QX","BOI","15:50","15:42","245","243","-8","16:08","26","0","0","0","0","0"
"QX","12/02/2021","2200","N649QX","BOI","15:50","15:42","245","249","-8","15:58","16","0","0","0","0","0"
"QX","12/03/2021","2200","N651QX","BOI","15:50","15:38","245","238","-12","15:54","16","0","0","0","0","0"
"QX","12/05/2021","2200","N637QX","BOI","15:50","15:49","245","257","-1","16:14","25","0","0","0","0","0"
"QX","12/06/2021","2200","N631QX","BOI","15:50","15:44","245","256","-6","16:02","18","0","0","0","0","0"
"QX","12/08/2021","2200","N649QX","BOI","15:50","15:42","245","236","-8","15:56","14","0","0","0","0","0"
"QX","12/09/2021","2200","N635QX","BOI","15:50","15:48","245","272","-2","16:05","17","0","0","25","0","0"
"QX","12/10/2021","2200","N639QX","BOI","15:50","16:03","245","236","13","16:26","23","0","0","0","0","0"
"QX","12/12/2021","2200","N638QX","BOI","15:50","15:46","245","257","-4","16:03","17","0","0","0","0","0"
"QX","12/13/2021","2200","N648QX","BOI","15:50","15:59","245","239","9","16:09","10","0","0","0","0","0"
"QX","12/15/2021","2200","N651QX","BOI","15:50","15:57","245","224","7","16:13","16","0","0","0","0","0"
"QX","12/16/2021","2534","N624QX","BOI","15:15","15:32","233","243","17","15:47","15","6","0","10","0","11"
"QX","12/17/2021","2534","N641QX","BOI","15:15","15:28","233","233","13","15:46","18","0","0","0","0","0"
"QX","12/19/2021","2534","N635QX","BOI","15:15","15:45","233","248","30","16:05","20","5","0","15","0","25"
"QX","12/20/2021","2534","N635QX","BOI","15:15","15:25","233","243","10","15:36","11","4","0","10","0","6"
"QX","12/22/2021","2534","N637QX","BOI","15:15","15:29","233","279","14","16:14","45","14","0","46","0","0"
"QX","12/23/2021","2534","N637QX","BOI","15:15","15:14","233","290","-1","15:32","18","0","0","56","0","0"
"QX","12/24/2021","2534","N642QX","BOI","15:15","17:00","233","246","105","17:11","11","105","0","13","0","0"
"QX","12/26/2021","2534","N637QX","BOI","15:15","15:22","233","255","7","15:41","19","7","0","22","0","0"
"QX","12/27/2021","2534","N648QX","BOI","15:15","00:00","233","0","0","00:00","0","0","0","0","0","0"
"QX","12/29/2021","2534","N648QX","BOI","15:15","17:44","233","233","149","18:03","19","4","0","0","0","145"
"QX","12/30/2021","2534","N648QX","BOI","15:15","17:57","233","248","162","18:14","17","15","0","15","0","147"
"QX","12/31/2021","2534","N639QX","BOI","15:15","16:43","233","252","88","17:03","20","0","0","19","0","88"